{
  "High_Attention": {
    "Focused": 0.07966944444444447
  },
  "Low_Attention": {
    "Drinking": 0.017261111111111106,
    "Eating": 0.18150277777777782,
    "Lookaways": 0.08545277777777778,
    "Sleeping": 0.0008833333333333332,
    "UsingPhone": 0.24316388888888885
  }
}